-- MySQL dump 10.13  Distrib 5.7.13, for osx10.11 (x86_64)
--
-- Host: localhost    Database: dod
-- ------------------------------------------------------
-- Server version	5.7.13

/*!40101 SET @OLD_CHARACTER_SET_CLIENT=@@CHARACTER_SET_CLIENT */;
/*!40101 SET @OLD_CHARACTER_SET_RESULTS=@@CHARACTER_SET_RESULTS */;
/*!40101 SET @OLD_COLLATION_CONNECTION=@@COLLATION_CONNECTION */;
/*!40101 SET NAMES utf8 */;
/*!40103 SET @OLD_TIME_ZONE=@@TIME_ZONE */;
/*!40103 SET TIME_ZONE='+00:00' */;
/*!40014 SET @OLD_UNIQUE_CHECKS=@@UNIQUE_CHECKS, UNIQUE_CHECKS=0 */;
/*!40014 SET @OLD_FOREIGN_KEY_CHECKS=@@FOREIGN_KEY_CHECKS, FOREIGN_KEY_CHECKS=0 */;
/*!40101 SET @OLD_SQL_MODE=@@SQL_MODE, SQL_MODE='NO_AUTO_VALUE_ON_ZERO' */;
/*!40111 SET @OLD_SQL_NOTES=@@SQL_NOTES, SQL_NOTES=0 */;

--
-- Table structure for table `dod_article`
--

DROP TABLE IF EXISTS `dod_article`;
/*!40101 SET @saved_cs_client     = @@character_set_client */;
/*!40101 SET character_set_client = utf8 */;
CREATE TABLE `dod_article` (
  `aid` smallint(5) unsigned NOT NULL AUTO_INCREMENT,
  `uid` smallint(5) unsigned NOT NULL,
  `cid` smallint(5) unsigned NOT NULL,
  `title` varchar(30) NOT NULL DEFAULT '',
  `info` varchar(50) NOT NULL DEFAULT '',
  `text` text NOT NULL,
  `time` varchar(12) NOT NULL DEFAULT '',
  PRIMARY KEY (`aid`)
) ENGINE=InnoDB AUTO_INCREMENT=16 DEFAULT CHARSET=utf8;
/*!40101 SET character_set_client = @saved_cs_client */;

--
-- Dumping data for table `dod_article`
--

LOCK TABLES `dod_article` WRITE;
/*!40000 ALTER TABLE `dod_article` DISABLE KEYS */;
INSERT INTO `dod_article` VALUES (5,2,2,'似水流年，那一席梦的芳华','作者：zhangxingwang 来源：文章阅读网','<p style=\"color: rgb(0, 0, 0); font-family: -webkit-standard;\">阔别文字两年，我很少写字，在空闲里用很多<a href=\"http://www.duwenzhang.com/huati/shijian/index1.html\" style=\"color: rgb(51, 51, 51);\">时间</a>来阅读，有<a href=\"http://www.duwenzhang.com/huati/pengyou/index1.html\" style=\"color: rgb(51, 51, 51);\">朋友</a>说，悄然<a href=\"http://www.duwenzhang.com/huati/xingfu/index1.html\" style=\"color: rgb(51, 51, 51);\">幸福</a>了，所以不写了，我只能说，幸福有时跟文字无关，呵，真不承认自己是个口是心非的人，怎么掩饰才能逃脱欲盖弥障的嫌疑？</p><p style=\"color: rgb(0, 0, 0); font-family: -webkit-standard;\">　　两年，深深浅浅的时光边缘。改变了多少人与事？停留在今季的秋，雨沐秋风，碎柳翻飞，时光河流渡过的一叶轻舟，乘载了多少烟雨柔情，我只是轻轻一拨，便如那一弦流水飞逝。</p><p style=\"color: rgb(0, 0, 0); font-family: -webkit-standard;\">　　时光，让我成了光年外那个安静的女子，安生在一个小城，素衣素颜。午后的时光静好，轻柔的音乐弥漫在空气中，一杯清茶散着清雅芳香。我正<a href=\"http://www.duwenzhang.com/huati/xiangshou/index1.html\" style=\"color: rgb(51, 51, 51);\">享受</a>文字的饕殄。风吹过窗台，掀起了窗缈，阳光蔓进了窗棂，天边的蓝，净洁如洗。柔柔的<a href=\"http://www.duwenzhang.com/huati/langman/index1.html\" style=\"color: rgb(51, 51, 51);\">浪漫</a>渗入心间，泭生出淡淡的安宁，雕刻出时光的静美。</p><p style=\"color: rgb(0, 0, 0); font-family: -webkit-standard;\">　　时光赐予，我已能安然面对流年中的<a href=\"http://www.duwenzhang.com/huati/jimo/index1.html\" style=\"color: rgb(51, 51, 51);\">寂寞</a>及零落满地的凄苍。对于际遇已不再埋入过多的<a href=\"http://www.duwenzhang.com/huati/qipan/index1.html\" style=\"color: rgb(51, 51, 51);\">期盼</a>与<a href=\"http://www.duwenzhang.com/huati/huanxiang/index1.html\" style=\"color: rgb(51, 51, 51);\">幻想</a>。站在季节之上，仰望空中的云层，一季一季，很多记忆是流年用一笔蓝墨水彩缀点的<a href=\"http://www.duwenzhang.com/huati/qingchun/index1.html\" style=\"color: rgb(51, 51, 51);\">青春</a>，纯净的蔚蓝，风清云淡，如诗静好。<a href=\"http://www.duwenzhang.com/wenzhang/shenghuosuibi/\" style=\"color: rgb(51, 51, 51);\">生活</a>一直很<a href=\"http://www.duwenzhang.com/huati/pingdan/index1.html\" style=\"color: rgb(51, 51, 51);\">平淡</a>，爱是简单归宿，不再用苍，白指染年华最初的<a href=\"http://www.duwenzhang.com/huati/meili/index1.html\" style=\"color: rgb(51, 51, 51);\">美丽</a>。流水依依，朦胧漂泊的如烟记忆只能静静的观看，我掬一泓秋水，把缠绵悱恻的往事，绎写成诗，反复的阅读。</p><p style=\"color: rgb(0, 0, 0); font-family: -webkit-standard;\">　　落花寂寂，嫣红遍地，一个回眸，风景中的笑颜便沦陷成如今烟雨中的惦念。一些人，一些情，依然索绕着明媚的暖香。婉转流年，无法洗白它的灿烂。看一段红尘描摹，临画一骑妃子笑，以昨日的把酒欢歌，埋葬那红了樱桃，绿了芭蕉的春花秋月惨淡，任岁月在我的指尖留下几许沧桑，落字成韵，在年华中低吟浅唱。</p><div><br></div>       ','1469331001'),(6,2,4,'听说，你曾经爱过我','作者：zhangxingwang 来源：文章阅读网','       <p style=\"color: rgb(0, 0, 0); font-family: -webkit-standard;\">一直忘了告诉你，我曾经真的爱过你。</p><p style=\"color: rgb(0, 0, 0); font-family: -webkit-standard;\">　　 文／张兴旺</p><p style=\"color: rgb(0, 0, 0); font-family: -webkit-standard;\">　　 （ 一）</p><p style=\"color: rgb(0, 0, 0); font-family: -webkit-standard;\">　　 这些天总是病着，自己知道不打紧，但病怏怏的样子连自己都会厌烦。</p><p style=\"color: rgb(0, 0, 0); font-family: -webkit-standard;\">　　 总是会在梦里惊醒，醒来又忘梦见了什么，可分明泪水还挂在脸上。一连几天都在梦里见到你，我最亲爱的祖母。叫我奇怪的是，祖母的身后还站着他。一个当年疯狂爱着我却又背离我的男子。</p><p style=\"color: rgb(0, 0, 0); font-family: -webkit-standard;\">　　 那一年我二十二岁，想来是如花的年纪。我很长的<a href=\"http://www.duwenzhang.com/huati/shijian/index1.html\" style=\"color: rgb(51, 51, 51);\">时间</a>是跟祖父祖母<a href=\"http://www.duwenzhang.com/wenzhang/shenghuosuibi/\" style=\"color: rgb(51, 51, 51);\">生活</a>在一起，<a href=\"http://www.duwenzhang.com/huati/xiangshou/index1.html\" style=\"color: rgb(51, 51, 51);\">享受</a>着世上最好的爱，过着最纯粹的生活。</p><p style=\"color: rgb(0, 0, 0); font-family: -webkit-standard;\">　　 那一年的夏天，不知怎么会遇上他。也不知他怎会对我一见钟情，穷追不舍整整一个盛夏。现在想来，那个夏天的我应该是很<a href=\"http://www.duwenzhang.com/huati/xingfu/index1.html\" style=\"color: rgb(51, 51, 51);\">幸福</a>的。</p><p style=\"color: rgb(0, 0, 0); font-family: -webkit-standard;\">　　 他很帅，有些拽拽的出现在我的世界。笑时，如阳光清澈，露出一口雪白的牙齿让人有些许的着迷。</p><p style=\"color: rgb(0, 0, 0); font-family: -webkit-standard;\">　　 也许是我的不屑与清冷刺激了他，以后他像幽灵般尾随。每次加班很晚时，他都会在街前灯火下，单腿斜骑着单车，等我。</p><p style=\"color: rgb(0, 0, 0); font-family: -webkit-standard;\">　　 每到这时，周围女同事都会跑下楼跟他打招呼，说我很快会下来。然后，气喘连连跑回办公室里来，兴奋不已。说，文子，好帅哦！像齐秦！</p><p style=\"color: rgb(0, 0, 0); font-family: -webkit-standard;\">　　 我那时却是不认识他的，也不知他的名字。他也不曾死缠烂打，只是经常跟在我身后，陪我上班，下班，一付死不罢休的模样。</p><p style=\"color: rgb(0, 0, 0); font-family: -webkit-standard;\">　　 我的冷漠终于在有一天让他爆发，他说，他爱上了我。我不语，想拒绝，却又不舍开口。我说，去见我祖母，她同意，就行。</p><p style=\"color: rgb(0, 0, 0); font-family: -webkit-standard;\">　　 他果真去见了我祖母，不知怎样的<a href=\"http://www.duwenzhang.com/huati/yuanfen/index1.html\" style=\"color: rgb(51, 51, 51);\">缘分</a>，祖母竟是欢喜的。那一天的黄昏，好像比平常美，那一天的家里，笑声比平常亮。</p><p style=\"color: rgb(0, 0, 0); font-family: -webkit-standard;\">　　 他叫成，是一个消防军人，不是我以为的无业游民。他是爱我的，在以后的日子里，他常说。我总是后知后觉，亦不会表达自己的情绪。</p><p style=\"color: rgb(0, 0, 0); font-family: -webkit-standard;\">　　 成休假的日子，我终是忙碌的。忙的没时间去购买自己<a href=\"http://www.duwenzhang.com/huati/xihuan/index1.html\" style=\"color: rgb(51, 51, 51);\">喜欢</a>的东西。成总会约上他师姐当参谋，给我买粉底，买口红，买好看的花裙子。</p><p style=\"color: rgb(0, 0, 0); font-family: -webkit-standard;\">　　 我享受着这样的<a href=\"http://www.duwenzhang.com/wenzhang/aiqingwenzhang/\" style=\"color: rgb(51, 51, 51);\">爱情</a>，享受着他的宠溺。总会以为这就是爱情，总会以为这就是天长地久。我喜欢<a href=\"http://www.duwenzhang.com/huati/pingdan/index1.html\" style=\"color: rgb(51, 51, 51);\">平淡</a>的爱，如细水长流，以为他会陪我把风景一一看透。</p>       ','1469498810'),(7,2,4,'父爱，永恒','源：文章阅读网 ','<p style=\"color: rgb(0, 0, 0); font-family: -webkit-standard;\">样我就不会<a href=\"http://www.duwenzhang.com/huati/beishang/index1.html\" style=\"color: rgb(51, 51, 51);\">悲伤</a>，所以我<a href=\"http://www.duwenzhang.com/huati/nuli/index1.html\" style=\"color: rgb(51, 51, 51);\">努力</a>地告诉自己，这个六月，我<a href=\"http://www.duwenzhang.com/huati/weixiao/index1.html\" style=\"color: rgb(51, 51, 51);\">微笑</a>着面对天国--您<a href=\"http://www.duwenzhang.com/wenzhang/shenghuosuibi/\" style=\"color: rgb(51, 51, 51);\">生活</a>的地方：我很好，您好吗？</p><p style=\"color: rgb(0, 0, 0); font-family: -webkit-standard;\">　　鬓角的白发，脸上的皱纹，山样的身影，仿若昨天。我知道，那不单单的是一道背影，而是一种恒久的爱。窗台上，滴落的雨滴，轻轻敲击着我的心，可以不再有雨吗？</p><p style=\"color: rgb(0, 0, 0); font-family: -webkit-standard;\">　　有些<a href=\"http://www.duwenzhang.com/huati/shijian/index1.html\" style=\"color: rgb(51, 51, 51);\">时间</a>，总让你阵痛一生；有些画面，总让你影像一生；有些记忆，总让你温暖一生；有些<a href=\"http://www.duwenzhang.com/huati/libie/index1.html\" style=\"color: rgb(51, 51, 51);\">离别</a>，总让你寂静一生。其实，我们都不能要求明天怎么样，但明天一定会来，这或许就是<a href=\"http://www.duwenzhang.com/wenzhang/renshengzheli/\" style=\"color: rgb(51, 51, 51);\">人生</a>。</p><p style=\"color: rgb(0, 0, 0); font-family: -webkit-standard;\">　　时间，带来了一切，又悄然地带走了一切，有如那一片云，轻轻地飘过你的头顶，有不留痕迹的去向远方。云，只是自然的一分子，而人却是红尘的精灵，有血有肉，有魂有灵，会高于自然界的任何物种。花开有悦，花落低迷，我们人为地给花儿的一生粘贴了悲喜的标签。岂不知，即便是洒向大地的<a href=\"http://www.duwenzhang.com/huati/tianshi/index1.html\" style=\"color: rgb(51, 51, 51);\">天使</a>—雪花，可以清晰地感知，扑向大地的一瞬间，就注定了它的死亡，不管它是圣洁的，还是唯美的。</p><p style=\"color: rgb(0, 0, 0); font-family: -webkit-standard;\">　　有生，也就有了死，没有<a href=\"http://www.duwenzhang.com/huati/yongheng/index1.html\" style=\"color: rgb(51, 51, 51);\">永恒</a>的物质，正如有聚，一定有离，这是不变的定律。有人说，公平是全面的，不公平却是局部的。是谁，遥控了这样的距离？是谁，挽结了这样的丝愁？是谁，张开了这样的情网？又是谁，营造了这样的氛围？</p><p style=\"color: rgb(0, 0, 0); font-family: -webkit-standard;\">　　有时，无言是这个世界上最好的诠释。我知道，</p>       ','1469498905'),(8,2,4,'回眸一笑百媚生','文章阅读网 时间：','<p style=\"color: rgb(0, 0, 0); font-family: -webkit-standard;\">洋洋<a href=\"http://www.duwenzhang.com/wenzhang/renshengzheli/\" style=\"color: rgb(51, 51, 51);\">人生</a>如戏一场，芸芸众生各属一角。此戏说长便长，论时百年；说长便短，稍纵即逝。<a href=\"http://www.duwenzhang.com/huati/shengming/index1.html\" style=\"color: rgb(51, 51, 51);\">生命</a>沧海一粟，在万物中<a href=\"http://www.duwenzhang.com/huati/cuiruo/index1.html\" style=\"color: rgb(51, 51, 51);\">脆弱</a>瞬间即逝为最，随风而来，随风为土，虽说百年，亦不过宇宙间流星划过夜空，一闪而过，无迹无痕，虽曾有闪烁，但即刻消失的无影无踪。无论此戏是悲是喜，是成是败，无憾的是终归到人间潇洒走了一遭，品味过人间的苦辣酸甜，欣赏过人间的百态。回头一眸姹紫嫣红百媚生也就不无道理了。&nbsp;</p><p style=\"color: rgb(0, 0, 0); font-family: -webkit-standard;\">　　&nbsp;<a href=\"http://www.duwenzhang.com/huati/zhizu/index1.html\" style=\"color: rgb(51, 51, 51);\">知足</a>者常乐。人生源于土，又回归于尘，本是自然法则，从古到今，不论帝王将相，还是平民百姓，不论富贵贫贱，还是男女老幼，都超脱不了宇宙间这一运行轨迹。都是以同样的方式而来，也是以同样的结果而去。来时没有带来金山银山，也没有带来权力的宝座；生时虽有，可一旦被上苍唤了去，还是赤裸裸的空手而去，随氤氲消散，化为灰尘。富裕<a href=\"http://www.duwenzhang.com/huati/gaogui/index1.html\" style=\"color: rgb(51, 51, 51);\">高贵</a>的人也有自己的<a href=\"http://www.duwenzhang.com/huati/fannao/index1.html\" style=\"color: rgb(51, 51, 51);\">烦恼</a>与苦闷。活着时常常面露颦蹙于家中，餍足于红尘，踧踖于官场。贫困的人也有自己的<a href=\"http://www.duwenzhang.com/huati/kuaile/index1.html\" style=\"color: rgb(51, 51, 51);\">快乐</a>与<a href=\"http://www.duwenzhang.com/huati/manzu/index1.html\" style=\"color: rgb(51, 51, 51);\">满足</a>，他们只要有个<a href=\"http://www.duwenzhang.com/huati/wennuan/index1.html\" style=\"color: rgb(51, 51, 51);\">温暖</a>的家，一家安稳度日，其乐融融。喜也好悲也好，谁也逃脱不了那个小小的屋子囚禁灰尘的<a href=\"http://www.duwenzhang.com/huati/yongheng/index1.html\" style=\"color: rgb(51, 51, 51);\">永恒</a>结局。由此想来，人</p>       ','1469498934'),(10,2,4,'那我先睡了哈','来源：文章阅读网','<p style=\"color: rgb(0, 0, 0); font-family: -webkit-standard;\">在电影院看电影，黑屏了就听到一个哥儿大声喊：动一下鼠标啊！</p><p style=\"color: rgb(0, 0, 0); font-family: -webkit-standard;\">　　你穿的很危险，但是你长的很安全！</p><p style=\"color: rgb(0, 0, 0); font-family: -webkit-standard;\">　　狐 狸 未 成 精 ，纯 属 骚 得 轻 。</p><p style=\"color: rgb(0, 0, 0); font-family: -webkit-standard;\">　　小保姆嗓门特别大，主人叮嘱，今晚来的都是有身份的人，说话务必小声一点。吃完饭，主人客人玩牌，小保姆收拾完想早点休息，于是凑近男主人耳边轻声道：“那我先睡了哈。”</p><p style=\"color: rgb(0, 0, 0); font-family: -webkit-standard;\">　　八爷，你没想到在300多年以后你会如此红吧。</p><p style=\"color: rgb(0, 0, 0); font-family: -webkit-standard;\">　　<a href=\"http://www.duwenzhang.com/wenzhang/shenghuosuibi/\" style=\"color: rgb(51, 51, 51);\">生活</a>就像忐忑，没有准确的歌词，却惊心动魄。</p><p style=\"color: rgb(0, 0, 0); font-family: -webkit-standard;\">　　<a href=\"http://www.duwenzhang.com/huati/qingren/index1.html\" style=\"color: rgb(51, 51, 51);\">情人</a>节上街雇几个小孩，见到男的就上去叫<a href=\"http://www.duwenzhang.com/huati/fuqin/index1.html\" style=\"color: rgb(51, 51, 51);\">爸爸</a>，能拆一对是一对</p><p style=\"color: rgb(0, 0, 0); font-family: -webkit-standard;\">　　别老看AV。你也不看看键盘！字母A和V后面是什么 - -！</p><p style=\"color: rgb(0, 0, 0); font-family: -webkit-standard;\">　　我也想做一个优雅的淑女、是生活把老娘逼成了泼妇。</p><p style=\"color: rgb(0, 0, 0); font-family: -webkit-standard;\">　　玛丽太太因闯红灯上法庭。法官盯着她看，问：玛丽太太？是的。你以前在西区小学当<a href=\"http://www.duwenzhang.com/huati/laoshi/index1.html\" style=\"color: rgb(51, 51, 51);\">老师</a>？是的，你怎么知道？法官笑了，我曾是你的学生。玛丽太太也笑了，轻松起来。法官接着说，我等这一天等了20多年，现在罚你抄一千遍“我闯红灯错了，以后再也不犯了。”</p><div><br></div>       ','1469499005'),(11,2,4,'我想和你说再见','文章阅读网 时间：','<p style=\"color: rgb(0, 0, 0); font-family: -webkit-standard;\">我想和你说再见</p><p style=\"color: rgb(0, 0, 0); font-family: -webkit-standard;\">　　还没有到三伏天，就已经酷热难耐了。走到室外，就像进入蒸笼里一样，令人窒息。街上的行人车辆唯恐多呆片刻，一会就没了踪影。我是极不情愿出来的，想招呼一辆出租车都很难，在我焦躁的快要<a href=\"http://www.duwenzhang.com/huati/shiqu/index1.html\" style=\"color: rgb(51, 51, 51);\">失去</a><a href=\"http://www.duwenzhang.com/huati/naixin/index1.html\" style=\"color: rgb(51, 51, 51);\">耐心</a>的时候，一辆出租车及时停在我面前，我飞快的钻进车内，平时我并不怎么去看司机的正脸，看了也不会记住。</p><p style=\"color: rgb(0, 0, 0); font-family: -webkit-standard;\">　　我报以感激的<a href=\"http://www.duwenzhang.com/huati/weixiao/index1.html\" style=\"color: rgb(51, 51, 51);\">微笑</a>，她也冲我笑了笑，这一看，就把我愣住了，这是一位很年轻的女司机，眼睛虽不是很大，却很亮，小巧的嘴巴里露出一排整齐洁白的牙齿。我有片刻的恍惚，她说话的神情和微笑的样子，像极了一位我的故友。</p><p style=\"color: rgb(0, 0, 0); font-family: -webkit-standard;\">　　尘封的记忆一旦冲破禁锢，便如狂风般席卷而来，那些相处的点滴，突然间一幕幕浮现在我的眼前。都说<a href=\"http://www.duwenzhang.com/huati/chulian/index1.html\" style=\"color: rgb(51, 51, 51);\">初恋</a>难以忘怀，第一份<a href=\"http://www.duwenzhang.com/wenzhang/youqingwenzhang/\" style=\"color: rgb(51, 51, 51);\">友情</a>何尝不是呢？家境的贫寒让我变得很<a href=\"http://www.duwenzhang.com/huati/zibei/index1.html\" style=\"color: rgb(51, 51, 51);\">自卑</a>，在陌生人面前拘谨自束，少言寡语，除了儿时的几个玩伴，几乎没什么<a href=\"http://www.duwenzhang.com/huati/pengyou/index1.html\" style=\"color: rgb(51, 51, 51);\">朋友</a>。</p><p style=\"color: rgb(0, 0, 0); font-family: -webkit-standard;\">　　上了初中，你成了我第一个同桌，总是主动找我交流、谈心，和我分享你的<a href=\"http://www.duwenzhang.com/huati/xiyue/index1.html\" style=\"color: rgb(51, 51, 51);\">喜悦</a>和<a href=\"http://www.duwenzhang.com/huati/youshang/index1.html\" style=\"color: rgb(51, 51, 51);\">忧伤</a>。你很爱八卦，<a href=\"http://www.duwenzhang.com/huati/xihuan/index1.html\" style=\"color: rgb(51, 51, 51);\">喜欢</a>谈论娱乐圈里的轶事，喜欢品尝我妈做的菜，一起痴迷于周杰伦的音乐，一起哭过，笑过，甚至一起干过一些疯狂的事。我们会吵架，闹别扭，但很快我们就言归于好……一切的一切，我都记得那么清清楚楚，原以为过了这么多年，我们之间的种种早已淡忘，原是刻意隐藏，却总能在不经意间想起。</p><p style=\"color: rgb(0, 0, 0); font-family: -webkit-standard;\">　　到了初三，我全心扑入学习，而你依然继续着多彩多彩的<a href=\"http://www.duwenzhang.com/wenzhang/shenghuosuibi/\" style=\"color: rgb(51, 51, 51);\">生活</a>，彼此渐渐疏离，越走越远，毕业后直到现在，我们都未曾联系。我想你应该过得很<a href=\"http://www.duwenzhang.com/huati/xingfu/index1.html\" style=\"color: rgb(51, 51, 51);\">幸福</a>吧，有份稳定的工作，有位爱你的男人，可能已有个幸福的<a href=\"http://www.duwenzhang.com/huati/jiating/index1.html\" style=\"color: rgb(51, 51, 51);\">家庭</a>……</p><p style=\"color: rgb(0, 0, 0); font-family: -webkit-standard;\">　　也许你并没有忘记，只是不想去打扰彼此的生活，不想去破坏最初的<a href=\"http://www.duwenzhang.com/huati/meihao/index1.html\" style=\"color: rgb(51, 51, 51);\">美好</a>，就让那些<a href=\"http://www.duwenzhang.com/huati/kuaile/index1.html\" style=\"color: rgb(51, 51, 51);\">快乐</a>纯粹的时光，永远埋藏在我们心底。</p><p style=\"color: rgb(0, 0, 0); font-family: -webkit-standard;\">　　当我的思绪还在十几年前的时空里流转，目的地已经到</p>       ','1469499048'),(14,4,4,'jfdkasjfklj','fdjsakfhjdskalf','<div>fdsahfjkaslh<br></div><div>fdsahfjkaslh<br></div><div>fdsahfjkaslh<br></div><div>fdsahfjkaslh<br></div><div><br></div>','1469518793'),(15,3,4,'dafasfas','dafasfas','dafasfasdafasfasdafasfasdafasfasdafasfasdafasfasdafasfasdafasfasdafasfasdafasfasdafasfasdafasfasdafasfasdafasfasdafasfasdafasfasdafasfasdafasfasdafasfasdafasfasdafasfas<br>','1469519314');
/*!40000 ALTER TABLE `dod_article` ENABLE KEYS */;
UNLOCK TABLES;

--
-- Table structure for table `dod_cate`
--

DROP TABLE IF EXISTS `dod_cate`;
/*!40101 SET @saved_cs_client     = @@character_set_client */;
/*!40101 SET character_set_client = utf8 */;
CREATE TABLE `dod_cate` (
  `cid` smallint(5) unsigned NOT NULL AUTO_INCREMENT,
  `cname` varchar(10) NOT NULL DEFAULT '',
  PRIMARY KEY (`cid`)
) ENGINE=InnoDB AUTO_INCREMENT=9 DEFAULT CHARSET=utf8;
/*!40101 SET character_set_client = @saved_cs_client */;

--
-- Dumping data for table `dod_cate`
--

LOCK TABLES `dod_cate` WRITE;
/*!40000 ALTER TABLE `dod_cate` DISABLE KEYS */;
INSERT INTO `dod_cate` VALUES (2,'C/C++'),(4,'MYSQL'),(5,'LINUX'),(8,'HTML/CSS');
/*!40000 ALTER TABLE `dod_cate` ENABLE KEYS */;
UNLOCK TABLES;

--
-- Table structure for table `dod_comment`
--

DROP TABLE IF EXISTS `dod_comment`;
/*!40101 SET @saved_cs_client     = @@character_set_client */;
/*!40101 SET character_set_client = utf8 */;
CREATE TABLE `dod_comment` (
  `com_id` smallint(5) unsigned NOT NULL AUTO_INCREMENT,
  `uid` smallint(5) unsigned NOT NULL,
  `aid` smallint(5) unsigned NOT NULL,
  `comment` text NOT NULL,
  `time` varchar(12) DEFAULT NULL,
  PRIMARY KEY (`com_id`)
) ENGINE=InnoDB AUTO_INCREMENT=32 DEFAULT CHARSET=utf8;
/*!40101 SET character_set_client = @saved_cs_client */;

--
-- Dumping data for table `dod_comment`
--

LOCK TABLES `dod_comment` WRITE;
/*!40000 ALTER TABLE `dod_comment` DISABLE KEYS */;
INSERT INTO `dod_comment` VALUES (6,2,5,'<span style=\"color: rgb(0, 0, 0); font-family: -webkit-standard;\">在空闲里用很多</span><a href=\"http://www.duwenzhang.com/huati/shijian/index1.html\" style=\"color: rgb(51, 51, 51); font-family: -webkit-standard;\">时间</a><span style=\"color: rgb(0, 0, 0); font-family: -webkit-standard;\">来阅读</span><br>','1469414618'),(7,2,5,'<span style=\"color: rgb(0, 0, 0); font-family: -webkit-standard;\">朦胧漂泊的如烟记忆只能静静的观看</span><br>','1469414630'),(9,2,5,'<span style=\"color: rgb(0, 0, 0); font-family: -webkit-standard;\">停留在今季的秋</span><br>','1469414662'),(13,2,6,'<span style=\"color: rgb(0, 0, 0); font-family: -webkit-standard;\">&nbsp;我享受着这样的</span><a href=\"http://www.duwenzhang.com/wenzhang/aiqingwenzhang/\" style=\"color: rgb(51, 51, 51); font-family: -webkit-standard;\">爱情</a><br>','1469500279'),(14,2,6,'<span style=\"color: rgb(0, 0, 0); font-family: -webkit-standard;\">，以为他会陪我把风景一一看透。</span><br>','1469500291'),(15,2,6,'<span style=\"color: rgb(0, 0, 0); font-family: -webkit-standard;\">都会跑下楼跟他打招呼，说</span><br>','1469500301'),(16,2,6,'<span style=\"color: rgb(0, 0, 0); font-family: -webkit-standard;\">醒来又忘梦见了什么，</span><br>','1469500310'),(17,2,6,'<span style=\"color: rgb(0, 0, 0); font-family: -webkit-standard;\">围女同事都会跑下楼跟他打</span><br>','1469500318'),(18,2,6,'在<span style=\"color: rgb(0, 0, 0); font-family: -webkit-standard;\">这些天总是病着</span>','1469500327'),(19,2,6,'<span style=\"color: rgb(0, 0, 0); font-family: -webkit-standard;\">，我曾经真的爱过你。</span><br>','1469500334'),(20,2,6,'在<span style=\"color: rgb(0, 0, 0); font-family: -webkit-standard;\">但病怏怏的样子连自己都会厌烦。</span>','1469500344'),(21,2,6,'<span style=\"color: rgb(0, 0, 0); font-family: -webkit-standard;\">我的不屑与清冷刺激了他，以</span><br>','1469500352'),(22,2,6,'<span style=\"color: rgb(0, 0, 0); font-family: -webkit-standard;\">总是会在梦里惊醒，醒来又忘</span><br>','1469500362'),(30,4,5,'在<span style=\"color: rgb(0, 0, 0); font-family: -webkit-standard;\">停留在今季的秋</span>','1469518808'),(31,4,5,'123231123','1469518817');
/*!40000 ALTER TABLE `dod_comment` ENABLE KEYS */;
UNLOCK TABLES;

--
-- Table structure for table `dod_user`
--

DROP TABLE IF EXISTS `dod_user`;
/*!40101 SET @saved_cs_client     = @@character_set_client */;
/*!40101 SET character_set_client = utf8 */;
CREATE TABLE `dod_user` (
  `uid` smallint(5) unsigned NOT NULL AUTO_INCREMENT,
  `rank` tinyint(3) unsigned NOT NULL DEFAULT '1',
  `username` varchar(15) NOT NULL,
  `nickname` varchar(15) NOT NULL DEFAULT '',
  `password` varchar(32) NOT NULL,
  `email` varchar(30) NOT NULL DEFAULT '',
  PRIMARY KEY (`uid`)
) ENGINE=InnoDB AUTO_INCREMENT=5 DEFAULT CHARSET=utf8;
/*!40101 SET character_set_client = @saved_cs_client */;

--
-- Dumping data for table `dod_user`
--

LOCK TABLES `dod_user` WRITE;
/*!40000 ALTER TABLE `dod_user` DISABLE KEYS */;
INSERT INTO `dod_user` VALUES (2,0,'admin','小强','21232f297a57a5a743894a0e4a801fc3','1991@qq.com'),(3,1,'root','root','523af537946b79c4f8369ed39ba78605','mi@q.com');
/*!40000 ALTER TABLE `dod_user` ENABLE KEYS */;
UNLOCK TABLES;
/*!40103 SET TIME_ZONE=@OLD_TIME_ZONE */;

/*!40101 SET SQL_MODE=@OLD_SQL_MODE */;
/*!40014 SET FOREIGN_KEY_CHECKS=@OLD_FOREIGN_KEY_CHECKS */;
/*!40014 SET UNIQUE_CHECKS=@OLD_UNIQUE_CHECKS */;
/*!40101 SET CHARACTER_SET_CLIENT=@OLD_CHARACTER_SET_CLIENT */;
/*!40101 SET CHARACTER_SET_RESULTS=@OLD_CHARACTER_SET_RESULTS */;
/*!40101 SET COLLATION_CONNECTION=@OLD_COLLATION_CONNECTION */;
/*!40111 SET SQL_NOTES=@OLD_SQL_NOTES */;

-- Dump completed on 2016-07-26 17:26:57
